branch,split_seed,H_cvmin,H_1se,H_max,cvmin_at_boundary,cv_mse_min
NIR,42,80,73,120,False,0.6375373504075422
NIR,0,83,69,120,False,0.6578160369986794
NIR,1,84,71,120,False,0.6735181289803431
NIR,2,78,70,120,False,0.6935833372934106
NIR,3,81,66,120,False,0.6561580674322989
NIR,4,79,68,120,False,0.6518575011667356
NIR,5,81,46,120,False,0.7058885595750738
NIR,6,86,70,120,False,0.6669199177438166
NIR,7,92,72,120,False,0.7617812020256931
NIR,8,91,53,120,False,0.7196436824851038
NIR,9,83,71,120,False,0.6824641886082716
Raman,42,7,5,120,False,3.9760159289762056
Raman,0,7,4,120,False,3.9677310205233147
Raman,1,7,5,120,False,4.129609654769949
Raman,2,7,4,120,False,3.7296276739112804
Raman,3,7,5,120,False,4.090143879021928
Raman,4,7,4,120,False,4.009309908292565
Raman,5,7,5,120,False,3.925784983266015
Raman,6,7,4,120,False,3.818249612022567
Raman,7,7,4,120,False,3.9792511394663577
Raman,8,8,4,120,False,3.9153824423574433
Raman,9,7,5,120,False,3.8889724484981385
