branch,split_seed,model_seed,grouped,n_train,n_test,p,model,H,r2_test,repetition,best_epoch,rho_gate_prior
NIR,42,42,False,1158,290,281,PLS-10,10.0,0.5683505213598068,paper,,
NIR,42,42,False,1158,290,281,PLS-cvmin,80.0,0.9185236498428868,paper,,
NIR,42,42,False,1158,290,281,PLS-1se,73.0,0.9191878428928761,paper,,
NIR,42,42,False,1158,290,281,PGSGv2,,0.812760269224838,paper,469.0,0.9980312795191728
NIR,0,0,True,1158,290,281,PLS-10,10.0,0.4918229049600269,0,,
NIR,0,0,True,1158,290,281,PLS-cvmin,83.0,0.8950351792242781,0,,
NIR,0,0,True,1158,290,281,PLS-1se,69.0,0.8887492180500552,0,,
NIR,0,0,True,1158,290,281,PGSGv2,,0.747557954297586,0,496.0,0.9976192054664298
NIR,1,1,True,1159,289,281,PLS-10,10.0,0.5006074711359034,1,,
NIR,1,1,True,1159,289,281,PLS-cvmin,84.0,0.9203261987113225,1,,
NIR,1,1,True,1159,289,281,PLS-1se,71.0,0.9225023028014645,1,,
NIR,1,1,True,1159,289,281,PGSGv2,,0.8051168005356657,1,497.0,0.9976909334977128
NIR,2,2,True,1158,290,281,PLS-10,10.0,0.5577640146029914,2,,
NIR,2,2,True,1158,290,281,PLS-cvmin,78.0,0.909834353005114,2,,
NIR,2,2,True,1158,290,281,PLS-1se,70.0,0.9114505474691045,2,,
NIR,2,2,True,1158,290,281,PGSGv2,,0.8017995615353315,2,402.0,0.9988317896402454
NIR,3,3,True,1158,290,281,PLS-10,10.0,0.5718875421592908,3,,
NIR,3,3,True,1158,290,281,PLS-cvmin,81.0,0.9150681445575641,3,,
NIR,3,3,True,1158,290,281,PLS-1se,66.0,0.9078636087729121,3,,
NIR,3,3,True,1158,290,281,PGSGv2,,0.7753854581260546,3,384.0,0.998852144314411
NIR,4,4,True,1158,290,281,PLS-10,10.0,0.6207156724148287,4,,
NIR,4,4,True,1158,290,281,PLS-cvmin,79.0,0.88722169077522,4,,
NIR,4,4,True,1158,290,281,PLS-1se,68.0,0.8845648870944027,4,,
NIR,4,4,True,1158,290,281,PGSGv2,,0.8008265052094368,4,415.0,0.9984330532625949
NIR,5,5,True,1158,290,281,PLS-10,10.0,0.5817771505180449,5,,
NIR,5,5,True,1158,290,281,PLS-cvmin,81.0,0.9003144206461088,5,,
NIR,5,5,True,1158,290,281,PLS-1se,46.0,0.8765103223033992,5,,
NIR,5,5,True,1158,290,281,PGSGv2,,0.8213633772070537,5,497.0,0.998063699281458
NIR,6,6,True,1159,289,281,PLS-10,10.0,0.5591706421380972,6,,
NIR,6,6,True,1159,289,281,PLS-cvmin,86.0,0.8964063640693133,6,,
NIR,6,6,True,1159,289,281,PLS-1se,70.0,0.9046040145728872,6,,
NIR,6,6,True,1159,289,281,PGSGv2,,0.7935716336141478,6,493.0,0.9981685058607248
NIR,7,7,True,1158,290,281,PLS-10,10.0,0.5586782866631111,7,,
NIR,7,7,True,1158,290,281,PLS-cvmin,92.0,0.9325589453120184,7,,
NIR,7,7,True,1158,290,281,PLS-1se,72.0,0.9254860513705155,7,,
NIR,7,7,True,1158,290,281,PGSGv2,,0.7674308019435316,7,432.0,0.998350316044743
NIR,8,8,True,1158,290,281,PLS-10,10.0,0.6254954023687207,8,,
NIR,8,8,True,1158,290,281,PLS-cvmin,91.0,0.9218788847751821,8,,
NIR,8,8,True,1158,290,281,PLS-1se,53.0,0.9061089134221312,8,,
NIR,8,8,True,1158,290,281,PGSGv2,,0.8251955478926517,8,488.0,0.9983924436442505
NIR,9,9,True,1158,290,281,PLS-10,10.0,0.5620550806379069,9,,
NIR,9,9,True,1158,290,281,PLS-cvmin,83.0,0.8878908826225432,9,,
NIR,9,9,True,1158,290,281,PLS-1se,71.0,0.8904690815912046,9,,
NIR,9,9,True,1158,290,281,PGSGv2,,0.7981614589363131,9,476.0,0.9984045383438565
Raman,42,42,False,5177,1295,1870,PLS-10,10.0,0.9043914003073942,paper,,
Raman,42,42,False,5177,1295,1870,PLS-cvmin,7.0,0.9073707496949313,paper,,
Raman,42,42,False,5177,1295,1870,PLS-1se,5.0,0.9030524555478313,paper,,
Raman,42,42,False,5177,1295,1870,PGSGv2,,0.9290102945119495,paper,79.0,0.9778685530010425
Raman,0,0,True,5176,1296,1870,PLS-10,10.0,0.90314146433047,0,,
Raman,0,0,True,5176,1296,1870,PLS-cvmin,7.0,0.9044548982463747,0,,
Raman,0,0,True,5176,1296,1870,PLS-1se,4.0,0.8950489555039367,0,,
Raman,0,0,True,5176,1296,1870,PGSGv2,,0.9317458591890779,0,75.0,0.9797255107029016
Raman,1,1,True,5172,1300,1870,PLS-10,10.0,0.9180187746001264,1,,
Raman,1,1,True,5172,1300,1870,PLS-cvmin,7.0,0.9198799075745802,1,,
Raman,1,1,True,5172,1300,1870,PLS-1se,5.0,0.9162500513771304,1,,
Raman,1,1,True,5172,1300,1870,PGSGv2,,0.9431655999914678,1,93.0,0.9737194584137814
Raman,2,2,True,5172,1300,1870,PLS-10,10.0,0.8871966813562552,2,,
Raman,2,2,True,5172,1300,1870,PLS-cvmin,7.0,0.8881721595768077,2,,
Raman,2,2,True,5172,1300,1870,PLS-1se,4.0,0.8768336291211197,2,,
Raman,2,2,True,5172,1300,1870,PGSGv2,,0.925227349123235,2,87.0,0.9734323714194931
Raman,3,3,True,5172,1300,1870,PLS-10,10.0,0.9140012605464808,3,,
Raman,3,3,True,5172,1300,1870,PLS-cvmin,7.0,0.9198505938792614,3,,
Raman,3,3,True,5172,1300,1870,PLS-1se,5.0,0.9124150479856614,3,,
Raman,3,3,True,5172,1300,1870,PGSGv2,,0.9429358185817219,3,152.0,0.9512384494314261
Raman,4,4,True,5160,1312,1870,PLS-10,10.0,0.9021960739280038,4,,
Raman,4,4,True,5160,1312,1870,PLS-cvmin,7.0,0.905110093508571,4,,
Raman,4,4,True,5160,1312,1870,PLS-1se,4.0,0.8979975820480062,4,,
Raman,4,4,True,5160,1312,1870,PGSGv2,,0.9409362910526943,4,63.0,0.9838188964179982
Raman,5,5,True,5188,1284,1870,PLS-10,10.0,0.8973291985533925,5,,
Raman,5,5,True,5188,1284,1870,PLS-cvmin,7.0,0.8998788722752715,5,,
Raman,5,5,True,5188,1284,1870,PLS-1se,5.0,0.8969418987950051,5,,
Raman,5,5,True,5188,1284,1870,PGSGv2,,0.9271493697266824,5,44.0,0.9909937817645789
Raman,6,6,True,5176,1296,1870,PLS-10,10.0,0.8892010381903381,6,,
Raman,6,6,True,5176,1296,1870,PLS-cvmin,7.0,0.8893927526154419,6,,
Raman,6,6,True,5176,1296,1870,PLS-1se,4.0,0.8913175051888895,6,,
Raman,6,6,True,5176,1296,1870,PGSGv2,,0.9227777387649512,6,115.0,0.9651617514046491
Raman,7,7,True,5176,1296,1870,PLS-10,10.0,0.8976636549916324,7,,
Raman,7,7,True,5176,1296,1870,PLS-cvmin,7.0,0.903230031144443,7,,
Raman,7,7,True,5176,1296,1870,PLS-1se,4.0,0.8960379286980592,7,,
Raman,7,7,True,5176,1296,1870,PGSGv2,,0.929871464532698,7,69.0,0.9808308732966974
Raman,8,8,True,5188,1284,1870,PLS-10,10.0,0.8936475308558549,8,,
Raman,8,8,True,5188,1284,1870,PLS-cvmin,8.0,0.8979582832251176,8,,
Raman,8,8,True,5188,1284,1870,PLS-1se,4.0,0.8903951695251704,8,,
Raman,8,8,True,5188,1284,1870,PGSGv2,,0.9259925348738076,8,91.0,0.9718518186399177
Raman,9,9,True,5164,1308,1870,PLS-10,10.0,0.8958999738999258,9,,
Raman,9,9,True,5164,1308,1870,PLS-cvmin,7.0,0.8944795128400901,9,,
Raman,9,9,True,5164,1308,1870,PLS-1se,5.0,0.8897833655792337,9,,
Raman,9,9,True,5164,1308,1870,PGSGv2,,0.9301044042102548,9,183.0,0.9455561864209225
